Ciclo,Hum Suelo (),Temp Suelo (C)
1,29,10.375
2,28,10.312
3,28,10.312
4,28,10.312
5,28,10.312
6,28,10.375
7,28,10.312
8,28,10.375
9,28,10.375
10,28,10.312
11,28,10.312
12,28,10.375
13,60,15.375
14,80,17.188
15,83,17.812
16,82,18.125
17,81,18.125
18,80,18.125
19,80,18.062
20,79,18.000
21,79,17.875
22,79,17.812
23,79,17.750
24,79,17.688
25,79,17.625
26,79,17.562
27,79,17.500
28,78,17.375
29,78,17.312
30,78,17.250
31,78,17.188
32,78,17.188
33,77,17.062
34,77,17.062
35,77,17.000
36,77,16.938
37,77,16.875
38,77,16.812
39,77,16.812
40,77,16.750
41,77,16.688
42,76,16.688
43,77,16.625
44,77,16.625
45,76,16.562
46,76,16.562
47,76,16.500
48,76,16.500
49,76,16.438
50,75,16.438
51,75,16.375
52,75,16.375
53,75,16.312
54,75,16.312
55,75,16.312
56,75,16.250
57,75,16.250
58,75,16.250
59,74,16.188
60,74,16.188
61,75,16.125
62,74,16.125
63,74,16.125
64,74,16.062
65,74,16.062
66,74,16.062
67,74,16.062
68,74,16.000
69,74,16.000
70,74,16.000
71,74,16.000
72,73,16.000
73,74,16.000
74,74,15.938
75,74,15.938
76,74,15.938
77,74,15.938
78,74,15.875
79,74,15.875
80,74,15.875
81,74,15.875
82,74,15.875
83,73,15.812
84,73,15.812
85,74,15.812
86,74,15.812
87,73,15.812
88,73,15.812
89,73,15.750
90,73,15.750
91,73,15.812
92,73,15.750
93,73,15.750
94,73,15.750
95,73,15.750
96,73,15.750
97,73,15.750
98,72,15.750
99,72,15.750
100,72,15.750
101,72,15.750
102,72,15.688
103,72,15.688
104,72,15.688
105,72,15.750
106,72,15.750
107,72,15.688
108,72,15.750
109,72,15.750
110,72,15.688
111,72,15.688
112,71,15.750
113,72,15.750
114,71,15.750
115,72,15.750
116,72,15.750
117,71,15.750
118,72,15.750
119,71,15.750
120,71,15.750
121,71,15.750
122,71,15.750
123,71,15.688
124,71,15.750
125,71,15.750
126,71,15.750
127,72,15.750
128,72,15.750
129,71,15.750
130,72,15.750
131,72,15.750
132,72,15.750
133,71,15.750
134,72,15.750
135,72,15.750
136,72,15.750
137,72,15.750
138,72,15.750
139,72,15.750
140,71,15.750
141,71,15.750
142,72,15.750
143,72,15.750
144,72,15.750
145,72,15.750
146,72,15.750
147,72,15.750
148,72,15.812
149,72,15.750
150,72,15.812
151,72,15.750
152,72,15.812
153,72,15.812
154,72,15.812
155,72,15.812
156,72,15.812
157,72,15.812
158,71,15.812
159,72,15.812
160,72,15.875
161,72,15.875
162,72,15.812
163,71,15.875
164,72,15.875
165,72,15.875
166,72,15.875
167,72,15.875
168,72,15.875
169,71,15.875
170,72,15.938
171,72,15.875
172,71,15.938
173,72,15.938
174,72,15.938
175,72,15.938
176,71,15.938
177,71,15.938
178,71,15.938
179,71,16.000
180,71,15.938
181,71,16.000
182,71,16.000
183,71,16.000
184,71,16.062
185,71,16.062
186,71,16.062
187,71,16.062
188,71,16.062
189,71,16.062
190,71,16.062
191,71,16.062
192,71,16.125
193,71,16.062
194,70,16.125
195,70,16.125
196,71,16.125
197,70,16.125
198,70,16.125
199,70,16.188
200,71,16.188
201,71,16.188
202,70,16.188
203,70,16.188
204,70,16.250
205,70,16.250
206,70,16.250
207,70,16.250
208,70,16.250
209,70,16.250
210,70,16.250
211,70,16.250
212,70,16.250
213,70,16.250
214,70,16.250
215,70,16.312
216,71,16.312
217,70,16.312
218,71,16.312
219,70,16.375
220,70,16.375
221,70,16.375
222,70,16.375
223,70,16.375
224,70,16.375
225,70,16.375
226,70,16.375
227,70,16.438
228,70,16.438
229,70,16.438
230,70,16.438
231,70,16.438
232,69,16.500
233,70,16.500
234,69,16.500
235,69,16.500
236,69,16.562
237,69,16.562
238,69,16.562
239,69,16.562
240,69,16.562
241,69,16.562
242,69,16.625
243,69,16.625
244,69,16.625
245,69,16.625
246,69,16.625
247,69,16.625
248,69,16.688
249,69,16.688
250,69,16.688
251,69,16.688
252,69,16.750
253,69,16.750
254,69,16.750
255,69,16.750
256,69,16.750
257,69,16.812
258,69,16.812
259,68,16.812
260,68,16.875
261,68,16.875
262,68,16.875
263,68,16.875
264,69,16.875
265,68,16.875
266,68,16.938
267,68,16.938
268,68,16.938
269,68,16.938
270,68,16.938
271,68,17.000
272,68,17.000
273,68,17.000
274,68,17.000
275,68,17.062
276,68,17.062
277,68,17.062
278,68,17.062
279,68,17.062
280,68,17.125
281,68,17.125
282,68,17.125
283,68,17.125
284,68,17.188
285,68,17.188
286,68,17.188
287,67,17.188
288,68,17.188
289,68,17.250
290,68,17.250
291,68,17.250
292,68,17.250
293,68,17.312
294,68,17.312
295,67,17.312
296,67,17.375
297,67,17.375
298,67,17.375
299,67,17.375
300,67,17.438
301,67,17.438
302,67,17.438
303,67,17.438
304,67,17.500
305,68,17.500
306,67,17.500
307,67,17.500
308,67,17.500
309,67,17.562
310,68,17.562
311,67,17.562
312,67,17.562
313,67,17.625
314,67,17.625
315,67,17.625
316,67,17.625
317,67,17.625
318,67,17.688
319,67,17.688
320,67,17.688
321,67,17.750
322,67,17.750
323,67,17.750
324,68,17.750
325,68,17.750
326,68,17.812
327,68,17.812
328,68,17.812
329,68,17.812
330,68,17.875
331,68,17.875
332,68,17.875
333,68,17.875
334,68,17.875
335,68,17.938
336,68,17.938
337,68,17.938
338,68,18.000
339,68,18.000
340,68,18.000
341,68,18.000
342,67,18.062
343,68,18.062
344,67,18.062
345,68,18.062
346,67,18.125
347,68,18.125
348,68,18.125
349,67,18.125
350,67,18.188
351,67,18.188
352,67,18.188
353,67,18.250
354,67,18.250
355,67,18.250
356,67,18.250
357,67,18.312
358,67,18.312
359,67,18.312
360,67,18.375
361,67,18.375
362,67,18.375
363,67,18.375
364,67,18.438
365,67,18.438
366,67,18.438
367,67,18.438
368,67,18.500
369,67,18.500
370,67,18.562
371,67,18.562
372,66,18.562
373,67,18.562
374,66,18.625
375,66,18.625
376,66,18.688
377,66,18.688
378,66,18.688
379,66,18.688
380,66,18.688
381,66,18.750
382,66,18.750
383,66,18.812
384,66,18.812
385,66,18.812
386,66,18.812
387,66,18.875
388,66,18.875
389,66,18.875
390,66,18.875
391,66,18.875
392,66,18.938
393,66,18.938
394,66,18.938
395,66,18.938
396,66,19.000
397,66,19.000
398,66,19.000
399,66,19.062
400,66,19.062
401,66,19.062
402,66,19.062
403,66,19.062
404,66,19.062
405,66,19.125
406,66,19.125
407,66,19.125
408,66,19.188
409,66,19.188
410,66,19.188
411,66,19.188
412,66,19.250
413,66,19.250
414,66,19.250
415,66,19.312
416,66,19.375
417,66,19.312
418,66,19.375
419,66,19.375
420,66,19.375
421,66,19.438
422,66,19.438
423,66,19.438
424,65,19.438
425,65,19.438
426,66,19.500
427,66,19.500
428,66,19.562
429,66,19.562
430,66,19.562
431,66,19.625
432,66,19.625
433,65,19.625
434,65,19.625
435,65,19.625
436,65,19.688
437,65,19.688
438,65,19.750
439,65,19.750
440,65,19.812
441,65,19.750
442,65,19.812
443,65,19.812
444,65,19.812
445,65,19.875
446,66,19.875
447,66,19.875
448,65,19.875
449,66,19.875
450,66,19.938
451,66,19.938
452,65,19.938
453,65,19.938
454,65,20.000
455,65,20.000
456,65,20.062
457,65,20.062
458,65,20.062
459,65,20.062
460,65,20.125
461,65,20.125
462,66,20.125
463,65,20.188
464,65,20.188
465,66,20.188
466,65,20.188
467,65,20.188
468,65,20.250
469,65,20.250
470,65,20.250
471,65,20.312
472,65,20.312
473,65,20.312
474,65,20.312
475,65,20.375
476,65,20.375
477,65,20.438
478,65,20.438
479,65,20.438
480,65,20.438
481,65,20.438
482,65,20.500
483,65,20.500
484,65,20.500
485,65,20.562
486,65,20.562
487,65,20.562
488,65,20.562
489,65,20.625
490,65,20.625
491,65,20.625
492,65,20.688
493,65,20.688
494,65,20.688
495,65,20.688
496,65,20.750
497,65,20.750
498,65,20.750
499,65,20.750
500,65,20.812
501,65,20.812
502,65,20.812
503,65,20.812
504,65,20.812
505,65,20.812
506,65,20.875
507,65,20.875
508,65,20.938
509,65,20.938
510,65,20.938
511,65,20.938
512,65,20.938
513,65,21.000
514,65,21.000
515,65,21.000
516,65,21.062
517,65,21.062
518,65,21.062
519,65,21.062
520,65,21.062
521,65,21.125
522,65,21.125
523,65,21.125
524,65,21.188
525,64,21.188
526,65,21.250
527,65,21.250
528,64,21.250
529,65,21.312
530,64,21.312
531,64,21.312
532,64,21.312
533,65,21.375
534,64,21.375
535,65,21.375
536,65,21.438
537,64,21.375
538,64,21.438
539,64,21.438
540,64,21.500
541,64,21.500
542,64,21.500
543,64,21.562
544,64,21.562
545,64,21.562
546,64,21.562
547,64,21.562
548,64,21.625
549,64,21.625
550,64,21.625
551,64,21.625
552,64,21.688
553,64,21.688
554,64,21.688
555,64,21.750
556,64,21.750
557,64,21.750
558,64,21.750
559,64,21.750
560,64,21.812
561,64,21.812
562,64,21.812
563,64,21.875
564,64,21.875
565,64,21.875
566,64,21.938
567,64,21.938
568,64,21.938
569,64,21.938
570,64,22.000
571,64,22.000
572,64,22.000
573,64,22.000
574,64,22.062
575,64,22.062
576,64,22.062
577,64,22.062
578,64,22.125
579,64,22.125
580,64,22.125
581,64,22.125
582,64,22.188
583,64,22.188
584,64,22.188
585,64,22.188
586,64,22.250
587,64,22.250
588,64,22.250
589,64,22.312
590,64,22.312
591,64,22.312
592,64,22.312
593,64,22.312
594,64,22.375
595,64,22.375
596,64,22.375
597,64,22.375
598,63,22.438
599,64,22.438
600,64,22.500
601,63,22.500
602,64,22.500
603,63,22.562
604,63,22.562
605,63,22.562
606,63,22.562
607,63,22.625
608,63,22.625
609,63,22.688
610,63,22.688
611,63,22.688
612,63,22.688
613,63,22.750
614,64,22.750
615,63,22.750
616,63,22.750
617,63,22.750
618,63,22.812
619,63,22.812
620,63,22.875
621,63,22.812
622,63,22.875
623,63,22.875
624,63,22.938
625,63,22.938
626,63,22.938
627,63,23.000
628,63,23.000
629,63,23.000
630,63,23.000
631,63,23.062
632,63,23.062
633,63,23.062
634,63,23.125
635,63,23.125
636,63,23.125
637,63,23.125
638,63,23.188
639,63,23.188
640,63,23.188
641,63,23.250
642,63,23.250
643,63,23.250
644,63,23.250
645,63,23.312
646,63,23.312
647,63,23.312
648,63,23.312
649,63,23.375
650,63,23.375
651,63,23.375
652,63,23.438
653,63,23.438
654,63,23.438
655,63,23.438
656,63,23.500
657,63,23.500
658,63,23.500
659,63,23.500
660,63,23.500
661,63,23.562
662,63,23.562
663,63,23.625
664,63,23.625
665,63,23.625
666,63,23.625
667,63,23.625
668,63,23.625
669,63,23.688
670,63,23.750
671,63,23.750
672,63,23.750
673,63,23.750
674,63,23.750
675,63,23.812
676,63,23.812
677,63,23.812
678,63,23.812
679,64,23.875
680,64,23.875
681,63,23.875
682,64,23.875
683,63,23.875
684,64,23.875
685,64,23.938
686,63,23.938
687,63,24.000
688,64,24.000
689,64,24.000
690,64,24.000
691,64,24.000
692,64,24.062
693,64,24.062
694,64,24.062
695,64,24.062
696,64,24.125
697,64,24.125
698,64,24.125
699,64,24.125
700,64,24.125
701,64,24.188
702,64,24.188
703,64,24.188
704,64,24.188
705,64,24.188
706,64,24.250
707,64,24.250
708,64,24.250
709,64,24.250
710,64,24.312
711,64,24.312
712,64,24.375
713,63,24.312
714,64,24.375
715,64,24.375
716,64,24.375
717,64,24.438
718,63,24.438
719,64,24.438
720,64,24.438
721,64,24.500
722,63,24.500
723,63,24.500
724,63,24.562
725,63,24.562
726,63,24.562
727,63,24.625
728,63,24.625
729,63,24.625
730,63,24.625
731,63,24.688
732,63,24.688
733,63,24.688
734,63,24.688
735,63,24.688
736,63,24.750
737,63,24.750
738,63,24.750
739,63,24.750
740,63,24.812
741,63,24.812
742,63,24.875
743,63,24.875
744,63,24.875
745,63,24.875
746,63,24.938
747,63,24.875
748,63,24.938
749,63,24.938
750,63,24.938
751,63,25.000
752,63,25.000
753,63,25.000
754,63,25.000
755,63,25.062
756,63,25.062
757,63,25.062
758,63,25.062
759,63,25.125
760,63,25.062
761,63,25.125
762,63,25.125
763,63,25.125
764,63,25.188
765,63,25.125
766,63,25.188
767,63,25.188
768,63,25.250
769,63,25.188
770,63,25.250
771,63,25.250
772,63,25.250
773,63,25.250
774,63,25.250
775,63,25.312
776,63,25.312
777,63,25.312
778,63,25.312
779,63,25.312
780,63,25.312
781,63,25.375
782,63,25.375
783,63,25.375
784,63,25.375
785,63,25.438
786,63,25.438
787,63,25.438
788,63,25.438
789,63,25.438
790,63,25.500
791,63,25.500
792,63,25.500
793,63,25.500
794,63,25.562
795,64,25.562
796,63,25.500
797,63,25.562
798,64,25.562
799,64,25.562
800,64,25.562
801,64,25.562
802,64,25.562
803,64,25.625
804,64,25.562
805,65,25.562
806,65,25.562
807,65,25.625
808,65,25.562
809,66,25.562
810,66,25.562
811,66,25.562
812,66,25.562
813,66,25.562
814,66,25.562
815,66,25.625
816,66,25.562
817,67,25.625
818,67,25.625
819,67,25.625
820,67,25.625
821,67,25.625
822,67,25.625
823,67,25.625
824,67,25.625
825,67,25.625
826,67,25.625
827,67,25.625
828,68,25.625
829,68,25.625
830,68,25.625
831,68,25.625
832,68,25.625
833,68,25.625
834,68,25.625
835,68,25.688
836,68,25.688
837,68,25.688
838,68,25.688
839,68,25.688
840,68,25.688
841,69,25.688
842,68,25.688
843,69,25.688
844,69,25.688
845,69,25.688
846,69,25.688
847,68,25.688
848,69,25.688
849,69,25.750
850,69,25.688
851,69,25.688
852,69,25.750
853,69,25.750
854,69,25.750
855,69,25.750
856,69,25.750
857,69,25.750
858,69,25.750
859,69,25.750
860,69,25.750
861,69,25.750
862,69,25.812
863,69,25.812
864,69,25.750
865,69,25.812
866,69,25.750
867,69,25.750
868,69,25.750
869,70,25.750
870,70,25.750
871,70,25.750
872,69,25.812
873,70,25.750
874,69,25.750
875,69,25.812
876,69,25.812
877,69,25.750
878,70,25.812
879,70,25.812
880,69,25.812
881,70,25.812
882,70,25.812
883,70,25.812
884,70,25.812
885,70,25.812
886,70,25.812
887,70,25.812
888,70,25.812
889,70,25.750
890,70,25.750
891,70,25.750
892,70,25.750
893,70,25.750
894,70,25.750
895,70,25.750
896,70,25.688
897,71,25.688
898,71,25.688
899,71,25.688
900,71,25.688
901,71,25.688
902,71,25.688
903,71,25.688
904,71,25.625
905,71,25.625
906,71,25.625
907,71,25.625
908,71,25.625
909,71,25.562
910,71,25.562
911,71,25.562
912,71,25.562
913,71,25.562
914,71,25.562
915,71,25.500
916,71,25.500
917,71,25.500
918,71,25.500
919,70,25.500
920,70,25.500
921,70,25.438
922,70,25.438
923,70,25.438
924,70,25.438
925,70,25.438
926,70,25.438
927,70,25.375
928,70,25.375
929,70,25.375
930,70,25.375
931,70,25.312
932,70,25.312
933,70,25.312
934,70,25.312
935,70,25.312
936,70,25.250
937,70,25.250
938,70,25.188
939,70,25.188
940,70,25.188
941,70,25.125
942,70,25.125
943,70,25.125
944,70,25.125
945,70,25.062
946,70,25.062
947,70,25.062
948,70,25.062
949,70,25.000
950,70,24.938
951,70,24.938
952,70,24.938
953,70,24.875
954,70,24.875
955,70,24.875
956,70,24.812
957,70,24.812
958,70,24.812
959,70,24.750
960,70,24.750
961,70,24.750
962,70,24.750
963,70,24.688
964,70,24.688
965,70,24.625
966,70,24.625
967,70,24.625
968,70,24.562
969,70,24.562
970,70,24.562
971,70,24.500
972,70,24.500
973,70,24.500
974,70,24.500
975,70,24.438
976,70,24.438
977,70,24.375
978,70,24.375
979,70,24.375
980,70,24.312
981,70,24.312
982,70,24.312
983,70,24.250
984,70,24.250
985,70,24.188
986,70,24.188
987,70,24.188
988,70,24.125
989,70,24.125
990,70,24.125
991,70,24.062
992,70,24.062
993,70,24.000
994,70,24.000
995,70,24.000
996,70,23.938
997,70,23.938
998,70,23.875
999,70,23.938
1000,70,23.875
1001,70,23.875
1002,66,23.812
1003,56,22.688
1004,52,22.938
1005,52,23.062
1006,53,23.125
1007,52,23.188
1008,52,23.250
1009,62,23.312
1010,63,23.188
1011,45,23.188
1012,45,23.188
1013,45,22.812
1014,45,22.875
1015,46,22.875
1016,45,22.938
1017,45,22.938
1018,45,22.938
1019,54,22.938
1020,50,22.938
1021,48,22.938
1022,47,22.875
1023,43,22.875
1024,43,22.812
1025,43,22.812
1026,43,22.750
1027,43,22.750
1028,43,22.750
1029,42,22.750
1030,42,22.750
1031,41,22.750
1032,41,22.750
1033,41,22.812
1034,40,22.812
1035,40,22.812
1036,40,22.812
1037,40,22.812
1038,39,22.812
1039,39,22.875
1040,39,22.875
1041,39,22.938
1042,39,22.938
1043,38,22.938
1044,38,22.938
1045,38,23.000
1046,38,23.000
1047,38,23.000
1048,38,23.000
1049,37,23.000
1050,38,23.000
1051,37,23.000
1052,37,23.062
1053,37,23.062
1054,37,23.062
1055,37,23.062
1056,37,23.062
1057,37,23.062
1058,37,23.062
1059,37,23.062
1060,38,23.062
1061,37,23.062
1062,37,23.125
1063,37,23.062
1064,37,23.062
1065,37,23.062
1066,37,23.125
1067,37,23.125
1068,37,23.125
1069,37,23.125
1070,37,23.125
1071,37,23.188
1072,37,23.125
1073,37,23.125
1074,37,23.188
1075,37,23.125
1076,37,23.188
1077,37,23.188
1078,37,23.188
1079,37,23.188
1080,37,23.188
1081,37,23.188
1082,37,23.188
1083,37,23.188
1084,37,23.250
1085,37,23.188
1086,37,23.250
1087,37,23.250
1088,37,23.312
1089,37,23.250
1090,36,23.312
1091,36,23.312
1092,37,23.312
1093,37,23.312
1094,37,23.375
1095,37,23.375
1096,37,23.375
1097,37,23.438
1098,36,23.438
1099,36,23.438
1100,37,23.438
1101,36,23.500
1102,37,23.500
1103,37,23.562
1104,36,23.562
1105,36,23.562
1106,36,23.625
1107,36,23.625
1108,37,23.625
1109,36,23.688
1110,37,23.688
1111,37,23.688
1112,37,23.688
1113,37,23.688
1114,37,23.625
1115,37,23.625
1116,37,23.625
1117,38,23.625
1118,38,23.562
1119,38,23.562
1120,39,23.562
1121,39,23.562
1122,39,23.500
1123,39,23.500
1124,39,23.500
1125,39,23.500
1126,39,23.500
1127,40,23.438
1128,40,23.500
1129,41,23.438
1130,41,23.438
1131,41,23.438
1132,41,23.500
1133,41,23.438
1134,41,23.438
1135,41,23.438
1136,41,23.438
1137,41,23.438
1138,41,23.500
1139,41,23.500
1140,42,23.500
1141,42,23.500
1142,41,23.500
1143,42,23.500
1144,42,23.500
1145,42,23.562
1146,42,23.562
1147,42,23.562
1148,42,23.562
1149,43,23.562
1150,43,23.562
1151,43,23.562
1152,43,23.562
1153,43,23.562
1154,43,23.562
1155,43,23.625
1156,43,23.562
1157,44,23.625
1158,44,23.625
1159,44,23.625
1160,44,23.562
1161,44,23.625
1162,44,23.625
1163,44,23.625
1164,44,23.625
1165,44,23.625
1166,44,23.625
1167,44,23.625
1168,45,23.688
1169,45,23.625
1170,45,23.688
1171,44,23.688
1172,45,23.688
1173,44,23.688
1174,45,23.688
1175,45,23.688
1176,44,23.688
1177,45,23.688
1178,45,23.688
1179,45,23.750
1180,45,23.750
1181,45,23.688
1182,45,23.688
1183,45,23.750
1184,45,23.750
1185,45,23.688
1186,45,23.750
1187,45,23.688
1188,45,23.750
1189,45,23.688
1190,45,23.688
1191,45,23.750
1192,45,23.750
1193,45,23.688
1194,45,23.750
1195,45,23.688
1196,45,23.688
1197,46,23.750
1198,45,23.688
1199,45,23.750
1200,45,23.688
1201,46,23.688
1202,45,23.688
1203,45,23.688
1204,46,23.688
1205,45,23.688
1206,45,23.688
1207,45,23.688
1208,46,23.688
1209,46,23.688
1210,45,23.625
1211,46,23.625
1212,45,23.625
1213,45,23.625
1214,46,23.562
1215,45,23.562
1216,46,23.562
1217,46,23.625
1218,46,23.562
1219,45,23.562
1220,46,23.562
1221,45,23.562
1222,46,23.500
1223,46,23.500
1224,46,23.500
1225,46,23.500
1226,46,23.438
1227,46,23.438
1228,46,23.438
1229,46,23.438
1230,46,23.438
1231,46,23.438
1232,46,23.375
1233,46,23.375
1234,46,23.375
1235,46,23.375
1236,46,23.375
1237,46,23.312
1238,46,23.312
1239,46,23.312
1240,46,23.312
1241,47,23.312
1242,46,23.250
1243,46,23.250
1244,46,23.250
1245,46,23.250
1246,46,23.250
1247,46,23.188
1248,46,23.188
1249,46,23.188
1250,46,23.125
1251,46,23.125
1252,46,23.125
1253,46,23.125
1254,46,23.125
1255,46,23.062
1256,46,23.062
1257,46,23.062
1258,47,23.062
1259,46,23.000
1260,46,23.000
1261,46,23.000
1262,46,23.000
1263,47,23.000
1264,46,22.938
1265,46,22.875
1266,46,22.938
1267,46,22.875
1268,47,22.875
1269,46,22.812
1270,47,22.812
1271,47,22.750
1272,47,22.812
1273,47,22.750
1274,47,22.750
1275,47,22.750
1276,47,22.688
1277,47,22.688
1278,47,22.625
1279,47,22.625
1280,47,22.625
1281,47,22.562
1282,47,22.562
1283,47,22.562
1284,48,22.562
1285,47,22.500
1286,47,22.500
1287,47,22.500
1288,47,22.438
1289,47,22.438
1290,47,22.438
1291,48,22.375
1292,47,22.375
1293,47,22.375
1294,47,22.312
1295,47,22.312
1296,47,22.312
1297,48,22.312
1298,47,22.250
1299,47,22.250
1300,48,22.250
1301,47,22.250
1302,47,22.188
1303,47,22.188
1304,47,22.188
1305,48,22.188
1306,47,22.125
1307,47,22.125
1308,47,22.125
1309,47,22.062
1310,47,22.062
1311,47,22.062
1312,47,22.062
1313,47,22.062
1314,47,22.000
1315,47,22.000
1316,47,22.000
1317,47,22.000
1318,47,21.938
1319,47,21.938
1320,47,21.938
1321,47,21.875
1322,47,21.875
1323,47,21.875
1324,47,21.875
1325,47,21.812
1326,47,21.812
1327,47,21.812
1328,47,21.750
1329,47,21.750
1330,47,21.750
1331,47,21.750
1332,47,21.750
1333,47,21.688
1334,47,21.688
1335,47,21.688
1336,47,21.625
1337,47,21.625
1338,47,21.625
1339,47,21.562
1340,47,21.562
1341,47,21.500
1342,47,21.500
1343,47,21.500
1344,47,21.500
1345,47,21.500
1346,47,21.438
1347,47,21.438
1348,47,21.438
1349,47,21.438
1350,47,21.375
1351,47,21.375
1352,47,21.375
1353,47,21.375
1354,47,21.375
1355,47,21.312
1356,47,21.312
1357,47,21.312
1358,47,21.250
1359,47,21.250
1360,47,21.250
1361,47,21.188
1362,47,21.188
1363,47,21.188
1364,47,21.188
1365,47,21.125
1366,47,21.125
1367,47,21.062
1368,47,21.062
1369,47,21.062
1370,47,21.000
1371,47,21.000
1372,47,21.000
1373,47,20.938
1374,47,20.938
1375,47,20.938
1376,47,20.938
1377,47,20.875
1378,47,20.875
1379,47,20.875
1380,47,20.812
1381,47,20.812
1382,47,20.812
1383,48,20.812
1384,47,20.750
1385,48,20.750
1386,47,20.750
1387,47,20.688
1388,48,20.688
1389,48,20.688
1390,47,20.625
1391,47,20.625
1392,48,20.625
1393,47,20.625
1394,47,20.562
1395,47,20.562
1396,48,20.500
1397,47,20.500
1398,47,20.500
1399,48,20.438
1400,47,20.438
1401,48,20.438
1402,48,20.438
1403,48,20.375
1404,47,20.375
1405,47,20.375
1406,47,20.375
1407,48,20.312
1408,48,20.312
1409,48,20.312
1410,48,20.312
1411,47,20.250
1412,48,20.250
1413,48,20.188
1414,48,20.188
1415,47,20.188
1416,48,20.125
1417,48,20.125
1418,48,20.125
1419,48,20.125
1420,48,20.125
1421,48,20.062
1422,48,20.062
1423,48,20.000
1424,48,20.000
1425,48,20.000
1426,48,20.000
1427,48,20.000
1428,47,19.938
1429,48,19.938
1430,48,19.938
1431,47,19.938
1432,48,19.875
1433,48,19.875
1434,48,19.875
1435,48,19.875
1436,48,19.875
1437,48,19.812
1438,48,19.875
1439,48,19.812
1440,48,19.812
1441,48,19.812
1442,47,19.750
1443,48,19.750
1444,48,19.750
1445,48,19.688
1446,48,19.688
1447,48,19.688
1448,47,19.688
1449,47,19.688
1450,47,19.625
1451,47,19.625
1452,48,19.625
1453,47,19.625
1454,48,19.625
1455,48,19.562
1456,48,19.562
1457,48,19.562
1458,47,19.500
1459,47,19.500
1460,47,19.500
1461,48,19.500
1462,47,19.438
1463,47,19.438
1464,48,19.438
1465,47,19.438
1466,48,19.375
1467,48,19.375
1468,48,19.375
1469,47,19.375
1470,47,19.312
1471,47,19.312
1472,47,19.312
1473,47,19.312
1474,48,19.250
1475,48,19.250
1476,48,19.250
1477,47,19.250
1478,48,19.188
1479,47,19.188
1480,47,19.188
1481,48,19.188
1482,47,19.188
1483,47,19.125
1484,48,19.125
1485,48,19.125
1486,47,19.125
1487,48,19.125
1488,47,19.125
1489,47,19.062
1490,47,19.062
1491,47,19.062
1492,47,19.062
1493,48,19.062
1494,48,19.000
1495,47,19.000
1496,48,19.000
1497,47,18.938
1498,47,18.938
1499,47,18.938
1500,47,18.938
1501,47,18.938
1502,47,18.875
1503,47,18.875
1504,47,18.875
1505,48,18.875
1506,47,18.875
1507,47,18.812
1508,47,18.812
1509,47,18.812
1510,48,18.812
1511,48,18.750
1512,47,18.750
1513,48,18.750
1514,48,18.750
1515,47,18.750
1516,47,18.688
1517,47,18.688
1518,47,18.688
1519,47,18.688
1520,47,18.688
1521,47,18.625
1522,47,18.625
1523,47,18.625
1524,48,18.625
1525,48,18.625
1526,47,18.625
1527,47,18.562
1528,48,18.562
1529,47,18.562
1530,47,18.562
1531,48,18.562
1532,48,18.500
1533,47,18.500
1534,47,18.500
1535,47,18.500
1536,47,18.500
1537,48,18.438
1538,47,18.438
1539,48,18.438
1540,48,18.438
1541,48,18.375
1542,47,18.375
1543,48,18.375
1544,48,18.375
1545,48,18.375
1546,48,18.312
1547,48,18.312
1548,48,18.312
1549,48,18.312
1550,48,18.250
1551,48,18.250
1552,48,18.250
1553,47,18.250
1554,48,18.250
1555,48,18.250
1556,48,18.188
1557,48,18.188
1558,48,18.188
1559,48,18.188
1560,48,18.188
1561,48,18.125
1562,48,18.125
1563,48,18.125
1564,48,18.125
1565,48,18.125
1566,47,18.125
1567,47,18.062
1568,48,18.125
1569,48,18.062
1570,48,18.125
1571,48,18.062
1572,47,18.062
1573,47,18.062
1574,48,18.000
1575,48,18.000
1576,47,18.062
1577,47,18.000
1578,47,18.000
1579,48,18.000
1580,48,18.000
1581,48,18.000
1582,47,17.938
1583,47,17.938
1584,47,17.938
1585,47,17.938
1586,47,17.938
1587,47,17.938
1588,47,17.875
1589,47,17.875
1590,48,17.875
1591,47,17.875
1592,47,17.875
1593,47,17.812
1594,48,17.812
1595,47,17.812
1596,48,17.812
1597,48,17.812
1598,47,17.812
1599,48,17.750
1600,48,17.750
1601,48,17.750
1602,48,17.750
1603,48,17.750
1604,47,17.688
1605,47,17.688
1606,47,17.688
1607,47,17.688
1608,48,17.688
1609,48,17.688
1610,48,17.688
1611,48,17.625
1612,48,17.625
1613,48,17.625
1614,47,17.625
1615,48,17.562
1616,48,17.625
1617,47,17.625
1618,47,17.562
1619,48,17.562
1620,48,17.562
1621,47,17.562
1622,48,17.562
1623,47,17.500
1624,48,17.500
1625,48,17.562
1626,48,17.500
1627,48,17.500
1628,48,17.500
1629,48,17.438
1630,48,17.438
1631,48,17.438
1632,48,17.438
1633,48,17.438
1634,47,17.438
1635,47,17.438
1636,48,17.438
1637,48,17.375
1638,48,17.375
1639,48,17.375
1640,47,17.375
1641,48,17.375
1642,48,17.312
1643,47,17.312
1644,48,17.312
1645,47,17.312
1646,48,17.312
1647,48,17.312
1648,48,17.250
1649,48,17.250
1650,48,17.250
1651,48,17.250
1652,48,17.250
1653,48,17.250
1654,48,17.250
1655,48,17.188
1656,48,17.188
1657,48,17.188
1658,47,17.188
1659,48,17.188
1660,48,17.188
1661,48,17.188
1662,48,17.188
1663,48,17.125
1664,48,17.125
1665,48,17.125
1666,48,17.125
1667,48,17.125
1668,48,17.125
1669,48,17.062
1670,48,17.062
1671,48,17.062
1672,48,17.062
1673,48,17.062
1674,48,17.062
1675,48,17.000
1676,48,17.000
1677,48,17.000
1678,47,17.000
1679,48,17.000
1680,48,17.000
1681,48,17.000
1682,48,17.000
1683,48,17.000
1684,48,17.000
1685,48,17.000
1686,48,17.000
1687,48,16.938
1688,48,16.938
1689,48,16.938
1690,47,16.938
1691,48,16.938
1692,48,16.938
1693,48,16.938
1694,48,16.938
1695,48,16.938
1696,48,16.875
1697,48,16.875
1698,47,16.875
1699,48,16.875
1700,48,16.875
1701,48,16.875
1702,48,16.875
1703,48,16.875
1704,48,16.875
1705,48,16.812
1706,48,16.812
1707,48,16.812
1708,48,16.812
1709,48,16.812
1710,48,16.812
1711,47,16.812
1712,48,16.812
1713,48,16.750
1714,48,16.812
1715,47,16.812
1716,48,16.750
1717,48,16.750
1718,47,16.750
1719,48,16.750
1720,48,16.750
1721,48,16.688
1722,48,16.688
1723,48,16.688
1724,47,16.688
1725,48,16.688
1726,48,16.688
1727,48,16.688
1728,48,16.625
1729,48,16.625
1730,48,16.625
1731,48,16.625
1732,48,16.625
1733,48,16.625
1734,48,16.625
1735,48,16.625
1736,48,16.562
1737,48,16.562
1738,48,16.562
1739,48,16.562
1740,48,16.562
1741,48,16.562
1742,48,16.562
1743,48,16.562
1744,48,16.500
1745,48,16.500
1746,48,16.500
1747,48,16.500
1748,48,16.500
1749,48,16.500
1750,48,16.500
1751,48,16.500
1752,48,16.438
1753,48,16.438
1754,48,16.438
1755,48,16.438
1756,48,16.438
1757,48,16.438
1758,48,16.438
1759,48,16.438
1760,48,16.438
1761,48,16.438
1762,48,16.438
1763,47,16.375
1764,48,16.438
1765,48,16.375
1766,48,16.438
1767,48,16.375
1768,48,16.375
1769,48,16.375
1770,48,16.375
1771,48,16.375
1772,48,16.375
1773,48,16.375
1774,48,16.375
1775,48,16.375
1776,48,16.312
1777,48,16.375
1778,48,16.312
1779,47,16.312
1780,48,16.312
1781,47,16.312
1782,48,16.312
1783,48,16.312
1784,48,16.312
1785,48,16.312
1786,47,16.312
1787,48,16.312
1788,48,16.312
1789,47,16.250
1790,48,16.250
1791,47,16.250
1792,48,16.250
1793,48,16.250
1794,48,16.250
1795,48,16.250
1796,48,16.188
1797,48,16.250
1798,48,16.188
1799,48,16.188
1800,47,16.188
1801,48,16.188
1802,48,16.188
1803,47,16.188
1804,47,16.188
1805,48,16.188
1806,47,16.188
1807,48,16.125
1808,48,16.125
1809,48,16.125
1810,48,16.125
1811,48,16.125
1812,48,16.125
1813,48,16.125
1814,48,16.062
1815,48,16.062
1816,48,16.062
1817,48,16.062
1818,48,16.125
1819,48,16.062
1820,48,16.062
1821,48,16.062
1822,48,16.062
1823,47,16.062
1824,48,16.062
1825,48,16.062
1826,48,16.062
1827,48,16.062
1828,48,16.062
1829,48,16.062
1830,48,16.000
1831,48,16.000
1832,48,16.000
1833,48,16.000
1834,48,16.000
1835,48,16.000
1836,48,16.000
1837,48,16.000
1838,48,16.000
1839,48,15.938
1840,48,15.938
1841,48,16.000
1842,48,15.938
1843,48,15.938
1844,48,15.938
1845,48,15.938
1846,48,15.938
1847,48,15.938
1848,48,15.875
1849,48,15.875
1850,48,15.875
1851,48,15.875
1852,48,15.875
1853,48,15.875
1854,48,15.875
1855,48,15.875
1856,48,15.875
1857,47,15.875
1858,48,15.875
1859,48,15.875
1860,48,15.875
1861,48,15.875
1862,48,15.875
1863,48,15.812
1864,48,15.812
1865,48,15.812
1866,48,15.812
1867,48,15.812
1868,48,15.812
1869,48,15.812
1870,48,15.812
1871,48,15.812
1872,48,15.812
1873,48,15.812
1874,48,15.750
1875,48,15.750
1876,48,15.750
1877,48,15.812
1878,48,15.750
1879,48,15.750
1880,49,15.750
1881,48,15.750
1882,48,15.750
1883,48,15.750
1884,48,15.750
1885,48,15.750
1886,48,15.750
1887,48,15.750
1888,48,15.688
1889,48,15.688
1890,48,15.688
1891,49,15.688
1892,48,15.688
1893,48,15.688
1894,48,15.625
1895,48,15.625
1896,48,15.688
1897,48,15.688
1898,48,15.625
1899,48,15.625
1900,48,15.625
1901,49,15.625
1902,48,15.625
1903,49,15.625
1904,48,15.625
1905,48,15.625
1906,48,15.625
1907,48,15.562
1908,48,15.625
1909,48,15.625
1910,48,15.625
1911,48,15.625
1912,48,15.562
1913,48,15.562
1914,48,15.562
1915,48,15.562
1916,48,15.562
1917,48,15.562
1918,48,15.562
1919,48,15.562
1920,48,15.562
1921,48,15.562
1922,48,15.562
1923,48,15.562
1924,48,15.562
1925,48,15.562
1926,48,15.500
1927,48,15.562
1928,48,15.562
1929,48,15.500
1930,48,15.500
1931,48,15.500
1932,48,15.500
1933,48,15.500
1934,48,15.500
1935,47,15.500
1936,48,15.500
1937,48,15.500
1938,47,15.500
1939,48,15.500
1940,48,15.500
1941,48,15.500
1942,48,15.438
1943,48,15.500
1944,48,15.500
1945,48,15.500
1946,48,15.438
1947,47,15.438
1948,48,15.500
1949,48,15.438
1950,48,15.438
1951,48,15.438
1952,48,15.438
1953,48,15.438
1954,48,15.438
1955,48,15.438
1956,48,15.438
1957,48,15.438
1958,48,15.438
1959,48,15.438
1960,48,15.438
1961,48,15.438
1962,48,15.375
1963,48,15.438
1964,48,15.375
1965,48,15.375
1966,48,15.375
1967,48,15.375
1968,48,15.375
1969,48,15.312
1970,48,15.375
1971,48,15.375
1972,48,15.375
1973,48,15.312
1974,48,15.312
1975,48,15.312
1976,48,15.312
1977,48,15.312
1978,48,15.312
1979,48,15.312
1980,48,15.312
1981,48,15.312
1982,48,15.250
1983,48,15.312
1984,48,15.312
1985,48,15.250
1986,48,15.250
1987,48,15.312
1988,48,15.312
1989,48,15.312
1990,48,15.250
1991,48,15.250
1992,48,15.250
1993,48,15.250
1994,48,15.250
1995,48,15.250
1996,48,15.250
1997,48,15.250
1998,48,15.250
1999,48,15.250
2000,48,15.250
2001,48,15.250
2002,48,15.250
2003,48,15.188
2004,48,15.188
2005,48,15.188
2006,48,15.188
2007,48,15.188
2008,49,15.188
2009,48,15.188
2010,49,15.188
2011,48,15.188
2012,48,15.188
2013,48,15.188
2014,48,15.188
2015,48,15.188
2016,48,15.188
2017,48,15.188
2018,48,15.188
2019,48,15.125
2020,48,15.188
2021,48,15.188
2022,48,15.188
2023,48,15.188
2024,48,15.188
2025,48,15.125
2026,48,15.125
2027,48,15.125
2028,48,15.125
2029,48,15.125
2030,48,15.125
2031,48,15.125
2032,48,15.125
2033,48,15.125
2034,48,15.125
2035,48,15.125
2036,48,15.125
2037,48,15.125
2038,48,15.125
2039,48,15.125
2040,48,15.125
2041,48,15.125
2042,48,15.125
2043,48,15.062
2044,48,15.062
2045,48,15.062
2046,48,15.062
2047,48,15.062
2048,48,15.062
2049,48,15.062
2050,48,15.062
2051,48,15.062
2052,48,15.062
2053,48,15.062
2054,48,15.062
2055,48,15.062
2056,48,15.062
2057,48,15.062
2058,48,15.062
2059,48,15.062
2060,48,15.062
2061,48,15.062
2062,47,15.000
2063,48,15.000
2064,48,15.062
2065,48,15.000
2066,48,15.000
2067,48,15.000
2068,48,15.000
2069,48,15.000
2070,48,15.000
2071,47,15.000
2072,48,15.000
2073,48,15.000
2074,48,15.000
2075,48,15.000
2076,48,15.000
2077,48,15.000
2078,48,15.000
2079,48,15.000
2080,48,15.000
2081,48,15.000
2082,48,15.000
2083,48,15.000
2084,48,15.000
2085,48,14.938
2086,48,15.000
2087,48,14.938
2088,48,14.938
2089,48,14.938
2090,48,14.938
2091,48,14.938
2092,48,14.938
2093,48,14.938
2094,48,14.938
2095,48,14.938
2096,48,14.938
2097,48,14.938
2098,48,14.938
2099,48,14.938
2100,48,14.938
2101,48,14.938
2102,48,14.938
2103,48,14.938
2104,48,14.938
2105,48,14.938
2106,48,14.875
2107,48,14.938
2108,48,14.875
2109,48,14.875
2110,48,14.938
2111,48,14.875
2112,48,14.875
2113,48,14.875
2114,49,14.875
2115,48,14.875
2116,48,14.875
2117,48,14.875
2118,48,14.812
2119,48,14.875
2120,48,14.875
2121,48,14.812
2122,48,14.812
2123,48,14.812
2124,48,14.812
2125,48,14.875
2126,48,14.812
2127,48,14.812
2128,48,14.812
2129,48,14.812
2130,48,14.812
2131,48,14.812
2132,48,14.812
2133,48,14.812
2134,49,14.812
2135,49,14.812
2136,48,14.812
2137,48,14.812
2138,49,14.812
2139,49,14.812
2140,48,14.750
2141,48,14.750
2142,49,14.812
2143,48,14.750
2144,48,14.750
2145,48,14.750
2146,48,14.750
2147,49,14.750
2148,48,14.812
2149,49,14.750
2150,49,14.750
2151,48,14.750
2152,49,14.750
2153,48,14.750
2154,48,14.750
2155,48,14.750
2156,48,14.750
2157,48,14.750
2158,48,14.750
2159,48,14.750
2160,48,14.750
2161,48,14.750
2162,48,14.750
2163,48,14.750
2164,48,14.750
2165,48,14.750
2166,49,14.688
2167,48,14.750
2168,48,14.688
2169,49,14.688
2170,48,14.688
2171,48,14.688
2172,49,14.688
2173,49,14.688
2174,48,14.688
2175,48,14.688
2176,48,14.688
2177,49,14.688
2178,49,14.688
2179,49,14.688
2180,48,14.688
2181,48,14.688
2182,48,14.688
2183,48,14.688
2184,49,14.688
2185,48,14.688
2186,48,14.688
2187,48,14.688
2188,48,14.688
2189,48,14.688
2190,48,14.625
2191,48,14.625
2192,49,14.625
2193,48,14.625
2194,49,14.625
2195,48,14.625
2196,48,14.625
2197,48,14.625
2198,49,14.625
2199,48,14.625
2200,49,14.625
2201,48,14.625
2202,49,14.625
2203,48,14.625
2204,48,14.625
2205,48,14.625
2206,49,14.625
2207,49,14.625
2208,49,14.625
2209,49,14.625
2210,48,14.562
2211,48,14.562
2212,49,14.625
2213,48,14.562
2214,48,14.562
2215,48,14.562
2216,49,14.562
2217,48,14.562
2218,48,14.562
2219,48,14.562
2220,49,14.562
2221,48,14.562
2222,49,14.562
2223,49,14.562
2224,49,14.562
2225,49,14.562
2226,48,14.500
2227,49,14.562
2228,48,14.562
2229,49,14.500
2230,49,14.562
2231,49,14.562
2232,48,14.500
2233,48,14.500
2234,48,14.500
2235,48,14.500
2236,48,14.500
2237,48,14.500
2238,49,14.500
2239,48,14.500
2240,49,14.500
2241,49,14.500
2242,48,14.500
2243,48,14.500
2244,48,14.500
2245,49,14.500
2246,49,14.500
2247,48,14.500
2248,48,14.500
2249,49,14.500
2250,48,14.500
2251,49,14.438
2252,49,14.438
2253,48,14.500
2254,49,14.500
2255,49,14.438
2256,49,14.500
2257,49,14.438
2258,49,14.500
2259,48,14.438
2260,48,14.438
2261,48,14.438
2262,49,14.438
2263,49,14.438
2264,48,14.438
2265,48,14.438
2266,48,14.438
2267,49,14.438
2268,49,14.438
2269,49,14.438
2270,49,14.438
2271,49,14.438
2272,49,14.438
2273,49,14.375
2274,49,14.438
2275,48,14.438
2276,49,14.438
2277,49,14.375
2278,48,14.438
2279,49,14.375
2280,49,14.438
2281,48,14.375
2282,49,14.438
2283,49,14.375
2284,49,14.375
2285,49,14.375
2286,49,14.375
2287,49,14.375
2288,48,14.375
2289,48,14.375
2290,49,14.375
2291,49,14.375
2292,48,14.375
2293,48,14.312
2294,49,14.375
2295,49,14.375
2296,49,14.312
2297,48,14.312
2298,48,14.375
2299,49,14.312
2300,49,14.312
2301,48,14.312
2302,49,14.312
2303,49,14.312
2304,49,14.312
2305,49,14.312
2306,49,14.312
2307,49,14.312
2308,49,14.312
2309,49,14.312
2310,49,14.312
2311,49,14.312
2312,49,14.312
2313,48,14.312
2314,49,14.312
2315,49,14.312
2316,49,14.312
2317,49,14.312
2318,48,14.312
2319,49,14.312
2320,49,14.250
2321,49,14.250
2322,49,14.250
2323,49,14.250
2324,49,14.250
2325,49,14.250
2326,49,14.250
2327,49,14.250
2328,49,14.250
2329,49,14.250
2330,49,14.250
2331,49,14.250
2332,49,14.250
2333,49,14.250
2334,49,14.250
2335,49,14.250
2336,49,14.188
2337,49,14.188
2338,49,14.188
2339,49,14.188
2340,49,14.188
2341,49,14.188
2342,49,14.188
2343,49,14.188
2344,49,14.188
2345,49,14.188
2346,49,14.188
2347,49,14.188
2348,49,14.188
2349,49,14.188
2350,49,14.188
2351,49,14.188
2352,49,14.188
2353,49,14.188
2354,49,14.188
2355,49,14.125
2356,49,14.125
2357,49,14.125
2358,49,14.188
2359,49,14.125
2360,49,14.125
2361,49,14.125
2362,49,14.125
2363,49,14.125
2364,49,14.125
2365,49,14.125
2366,49,14.125
2367,49,14.125
2368,49,14.125
2369,49,14.125
2370,49,14.125
2371,49,14.125
2372,49,14.062
2373,49,14.125
2374,49,14.125
2375,49,14.125
2376,49,14.062
2377,49,14.062
2378,49,14.125
2379,49,14.062
2380,49,14.062
2381,49,14.062
2382,49,14.062
2383,49,14.062
2384,49,14.062
2385,49,14.062
2386,49,14.062
2387,49,14.062
2388,49,14.062
2389,49,14.062
2390,49,14.062
2391,49,14.062
2392,49,14.062
2393,49,14.062
2394,49,14.062
2395,49,14.062
2396,49,14.062
2397,49,14.062
2398,49,14.062
2399,49,14.000
2400,49,14.062
2401,49,14.062
2402,49,14.000
2403,49,14.000
2404,49,14.000
2405,49,14.000
2406,49,14.000
2407,49,14.000
2408,49,14.000
2409,49,14.000
2410,49,14.000
2411,49,14.000
2412,49,14.000
2413,49,14.000
2414,49,14.000
2415,49,14.000
2416,49,13.938
2417,49,13.938
2418,49,13.938
2419,49,13.938
2420,49,13.938
2421,49,13.938
2422,49,13.938
2423,49,13.938
2424,49,13.938
2425,49,13.938
2426,49,13.938
2427,49,13.938
2428,49,13.938
2429,49,13.938
2430,49,13.938
2431,49,13.938
2432,49,13.875
2433,49,13.875
2434,49,13.875
2435,49,13.875
2436,49,13.875
2437,49,13.875
2438,49,13.875
2439,49,13.875
2440,49,13.875
2441,49,13.875
2442,49,13.875
2443,49,13.875
2444,49,13.875
2445,49,13.875
2446,49,13.875
2447,49,13.875
2448,50,13.875
2449,49,13.812
2450,49,13.812
2451,49,13.812
2452,50,13.812
2453,49,13.812
2454,49,13.812
2455,49,13.812
2456,49,13.812
2457,49,13.812
2458,49,13.812
2459,49,13.812
2460,49,13.812
2461,49,13.812
2462,49,13.812
2463,50,13.812
2464,49,13.812
2465,50,13.812
2466,49,13.750
2467,49,13.812
2468,50,13.750
2469,49,13.812
2470,49,13.750
2471,50,13.750
2472,49,13.750
2473,49,13.750
2474,49,13.750
2475,50,13.750
2476,49,13.750
2477,49,13.750
2478,49,13.750
2479,50,13.750
2480,49,13.750
2481,49,13.750
2482,49,13.750
2483,49,13.750
2484,49,13.750
2485,49,13.750
2486,50,13.750
2487,49,13.750
2488,49,13.688
2489,49,13.688
2490,49,13.688
2491,49,13.688
2492,49,13.688
2493,49,13.688
2494,50,13.688
2495,49,13.688
2496,49,13.688
2497,50,13.688
2498,49,13.688
2499,49,13.688
2500,49,13.688
2501,49,13.688
2502,49,13.688
2503,50,13.688
2504,49,13.625
2505,50,13.625
2506,49,13.688
2507,49,13.625
2508,49,13.625
2509,49,13.688
2510,49,13.625
2511,50,13.625
2512,49,13.625
2513,49,13.625
2514,49,13.625
2515,49,13.625
2516,50,13.625
2517,49,13.625
2518,49,13.625
2519,49,13.625
2520,49,13.625
2521,49,13.625
2522,49,13.625
2523,49,13.562
2524,49,13.562
2525,49,13.625
2526,49,13.562
2527,50,13.562
2528,50,13.562
2529,49,13.562
2530,50,13.562
2531,49,13.562
2532,49,13.562
2533,49,13.562
2534,50,13.562
2535,49,13.500
2536,49,13.562
2537,49,13.562
2538,49,13.562
2539,49,13.562
2540,49,13.562
2541,49,13.500
2542,50,13.562
2543,49,13.562
2544,50,13.500
2545,50,13.500
2546,49,13.500
2547,50,13.500
2548,50,13.500
2549,50,13.500
2550,49,13.500
2551,50,13.500
2552,50,13.500
2553,50,13.500
2554,50,13.500
2555,49,13.500
2556,49,13.500
2557,49,13.500
2558,49,13.500
2559,50,13.500
2560,50,13.500
2561,49,13.500
2562,49,13.500
2563,50,13.500
2564,49,13.500
2565,50,13.500
2566,49,13.438
2567,49,13.438
2568,50,13.438
2569,49,13.438
2570,49,13.438
2571,49,13.438
2572,49,13.438
2573,49,13.438
2574,49,13.438
2575,50,13.438
2576,49,13.438
2577,49,13.438
2578,50,13.438
2579,49,13.438
2580,49,13.438
2581,50,13.438
2582,49,13.438
2583,50,13.438
2584,50,13.375
2585,49,13.438
2586,50,13.375
2587,49,13.438
2588,49,13.375
2589,50,13.375
2590,49,13.375
2591,49,13.375
2592,49,13.375
2593,50,13.375
2594,50,13.375
2595,49,13.375
2596,49,13.375
2597,50,13.375
2598,50,13.375
2599,49,13.375
2600,49,13.375
2601,50,13.312
2602,50,13.312
2603,49,13.375
2604,49,13.312
2605,50,13.375
2606,50,13.312
2607,50,13.312
2608,49,13.312
2609,49,13.312
2610,50,13.312
2611,50,13.312
2612,49,13.312
2613,50,13.312
2614,50,13.312
2615,49,13.312
2616,49,13.312
2617,49,13.312
2618,50,13.250
2619,50,13.312
2620,49,13.250
2621,49,13.312
2622,50,13.312
2623,49,13.250
2624,50,13.250
2625,50,13.250
2626,49,13.250
2627,49,13.250
2628,50,13.250
2629,49,13.250
2630,50,13.250
2631,49,13.250
2632,50,13.250
2633,49,13.250
2634,50,13.250
2635,50,13.250
2636,50,13.188
2637,50,13.250
2638,50,13.250
2639,50,13.188
2640,49,13.188
2641,50,13.250
2642,50,13.250
2643,50,13.188
2644,49,13.188
2645,50,13.188
2646,50,13.188
2647,50,13.188
2648,50,13.188
2649,50,13.188
2650,49,13.188
2651,50,13.188
2652,50,13.188
2653,50,13.188
2654,50,13.188
2655,49,13.188
2656,50,13.188
2657,50,13.188
2658,49,13.188
2659,50,13.125
2660,50,13.188
2661,50,13.188
2662,49,13.125
2663,50,13.125
2664,50,13.125
2665,50,13.125
2666,50,13.125
2667,50,13.125
2668,50,13.125
2669,49,13.125
2670,50,13.125
2671,50,13.125
2672,50,13.125
2673,49,13.125
2674,49,13.125
2675,50,13.125
2676,50,13.125
2677,50,13.125
2678,50,13.125
2679,50,13.125
2680,49,13.125
2681,49,13.062
2682,50,13.125
2683,50,13.125
2684,49,13.062
2685,50,13.062
2686,50,13.062
2687,50,13.062
2688,50,13.062
2689,50,13.062
2690,50,13.062
2691,50,13.062
2692,49,13.062
2693,50,13.062
2694,50,13.062
2695,50,13.062
2696,50,13.062
2697,49,13.062
2698,49,13.062
2699,50,13.062
2700,50,13.062
2701,49,13.062
2702,50,13.062
2703,50,13.062
2704,49,13.062
2705,50,13.062
2706,50,13.062
2707,50,13.062
2708,50,13.062
2709,50,13.000
2710,50,13.062
2711,49,13.000
2712,50,13.000
2713,50,13.000
2714,50,13.000
2715,50,13.000
2716,49,13.000
2717,50,13.000
2718,50,13.000
2719,50,13.000
2720,50,13.000
2721,50,13.000
2722,50,13.000
2723,50,13.000
2724,50,13.000
2725,50,12.938
2726,50,13.000
2727,50,12.938
2728,49,13.000
2729,49,13.000
2730,49,13.000
2731,49,12.938
2732,50,12.938
2733,50,13.000
2734,50,12.938
2735,50,12.938
2736,50,12.938
2737,50,12.938
2738,50,12.938
2739,50,12.938
2740,50,12.938
2741,50,12.938
2742,50,12.938
2743,50,12.938
2744,50,12.938
2745,49,12.938
2746,50,12.938
2747,50,12.875
2748,50,12.938
2749,50,12.938
2750,49,12.938
2751,49,12.938
2752,50,12.938
2753,50,12.938
2754,49,12.938
2755,49,12.875
2756,50,12.938
2757,49,12.875
2758,50,12.875
2759,49,12.875
2760,50,12.938
2761,49,12.938
2762,50,12.875
2763,50,12.875
2764,50,12.875
2765,50,12.875
2766,50,12.875
2767,49,12.875
2768,50,12.875
2769,50,12.875
2770,50,12.875
2771,49,12.875
2772,50,12.875
2773,50,12.875
2774,49,12.875
2775,50,12.875
2776,50,12.875
2777,50,12.875
2778,50,12.875
2779,50,12.875
2780,50,12.875
2781,50,12.875
2782,50,12.875
2783,50,12.875
2784,50,12.875
2785,50,12.812
2786,50,12.812
2787,50,12.812
2788,50,12.875
2789,50,12.875
2790,49,12.875
2791,50,12.812
2792,50,12.812
2793,50,12.812
2794,50,12.812
2795,50,12.812
2796,50,12.812
2797,49,12.812
2798,50,12.812
2799,50,12.812
2800,50,12.812
2801,50,12.812
2802,50,12.812
2803,50,12.812
2804,49,12.812
2805,50,12.812
2806,50,12.812
2807,50,12.812
2808,50,12.812
2809,50,12.812
2810,50,12.812
2811,50,12.812
2812,50,12.812
2813,50,12.750
2814,50,12.750
2815,50,12.812
2816,50,12.750
2817,50,12.812
2818,49,12.812
2819,50,12.750
2820,50,12.812
2821,50,12.750
2822,49,12.750
2823,50,12.750
2824,50,12.750
2825,50,12.750
2826,50,12.750
2827,50,12.750
2828,50,12.750
2829,50,12.750
2830,50,12.750
2831,50,12.750
2832,50,12.750
2833,50,12.750
2834,50,12.750
2835,50,12.750
2836,50,12.750
2837,50,12.750
2838,50,12.750
2839,49,12.750
2840,50,12.750
2841,49,12.688
2842,50,12.688
2843,50,12.750
2844,50,12.688
2845,50,12.688
2846,50,12.688
2847,50,12.688
2848,49,12.688
2849,49,12.750
2850,50,12.688
2851,50,12.688
2852,50,12.688
2853,50,12.688
2854,50,12.688
2855,50,12.688
2856,50,12.688
2857,49,12.688
2858,50,12.688
2859,50,12.688
2860,50,12.688
2861,50,12.688
2862,50,12.688
2863,49,12.688
2864,50,12.688
2865,50,12.688
2866,49,12.688
2867,50,12.625
2868,50,12.688
2869,50,12.688
2870,50,12.688
2871,50,12.688
2872,50,12.688
2873,50,12.625
2874,50,12.688
2875,50,12.625
2876,50,12.625
2877,50,12.625
2878,50,12.625
2879,50,12.625
2880,50,12.625
2881,50,12.625
2882,50,12.625
2883,50,12.625
2884,50,12.625
2885,50,12.625
2886,50,12.625
2887,50,12.625
2888,50,12.625
2889,50,12.625
2890,50,12.625
2891,50,12.625
2892,50,12.625
2893,50,12.625
2894,50,12.625
2895,50,12.625
2896,50,12.625
2897,50,12.625
2898,51,12.562
2899,50,12.562
2900,50,12.562
2901,50,12.562
2902,50,12.625
2903,50,12.562
2904,50,12.625
2905,50,12.562
2906,50,12.562
2907,50,12.562
2908,50,12.562
2909,50,12.562
2910,50,12.562
2911,50,12.562
2912,50,12.562
2913,50,12.562
2914,50,12.562
2915,50,12.562
2916,50,12.562
2917,50,12.562
2918,50,12.562
2919,50,12.500
2920,50,12.562
2921,50,12.562
2922,50,12.562
2923,50,12.562
2924,50,12.562
2925,50,12.562
2926,50,12.562
2927,50,12.562
2928,50,12.500
2929,50,12.562
2930,49,12.500
2931,50,12.500
2932,50,12.562
2933,50,12.500
2934,50,12.500
2935,50,12.500
2936,50,12.500
2937,50,12.500
2938,50,12.500
2939,50,12.500
2940,50,12.500
2941,50,12.500
2942,50,12.500
2943,50,12.500
2944,50,12.500
2945,50,12.500
2946,50,12.500
2947,50,12.500
2948,50,12.500
2949,50,12.500
2950,50,12.500
2951,50,12.438
2952,50,12.438
2953,50,12.438
2954,50,12.438
2955,50,12.438
2956,50,12.438
2957,51,12.438
2958,50,12.438
2959,50,12.438
2960,50,12.438
2961,50,12.438
2962,50,12.438
2963,50,12.438
2964,50,12.438
2965,51,12.438
2966,50,12.438
2967,50,12.438
2968,50,12.438
2969,50,12.438
2970,50,12.438
2971,50,12.438
2972,50,12.438
2973,50,12.438
2974,50,12.438
2975,50,12.438
2976,50,12.375
2977,50,12.438
2978,50,12.375
2979,50,12.375
2980,51,12.375
2981,50,12.375
2982,51,12.375
2983,50,12.438
2984,50,12.375
2985,50,12.375
2986,50,12.375
2987,50,12.375
2988,50,12.375
2989,50,12.375
2990,50,12.375
2991,50,12.375
2992,50,12.375
2993,50,12.375
2994,50,12.375
2995,50,12.375
2996,50,12.375
2997,50,12.375
2998,51,12.375
2999,50,12.312
3000,50,12.312
3001,51,12.312
3002,50,12.312
3003,50,12.375
3004,50,12.312
3005,51,12.312
3006,50,12.375
3007,50,12.375
3008,50,12.312
3009,50,12.312
3010,50,12.312
3011,50,12.312
3012,50,12.312
3013,51,12.312
3014,50,12.312
3015,50,12.312
3016,50,12.312
3017,50,12.312
3018,50,12.312
3019,50,12.312
3020,50,12.312
3021,50,12.312
3022,50,12.250
3023,50,12.312
3024,51,12.250
3025,50,12.250
3026,51,12.250
3027,50,12.312
3028,51,12.250
3029,50,12.250
3030,51,12.250
3031,51,12.250
3032,50,12.250
3033,50,12.250
3034,50,12.250
3035,50,12.250
3036,50,12.250
3037,50,12.250
3038,50,12.250
3039,51,12.250
3040,50,12.250
3041,51,12.250
3042,50,12.250
3043,50,12.250
3044,50,12.250
3045,50,12.250
3046,50,12.250
3047,50,12.188
3048,51,12.250
3049,50,12.250
3050,51,12.188
3051,51,12.250
3052,50,12.250
3053,50,12.188
3054,50,12.188
3055,50,12.188
3056,51,12.188
3057,50,12.188
3058,50,12.188
3059,50,12.188
3060,51,12.188
3061,50,12.188
3062,50,12.188
3063,50,12.188
3064,51,12.188
3065,50,12.188
3066,51,12.188
